nombre_csv,threshold1,threshold2
4160,0.1654913921088168,0.23390124573130353
1,0.16219042140329884,0.22378973068163877
2,0.22519997161114347,0.3073499690525403
3,0.23292124350670784,0.3196846998304068
4,0.24643035083244613,0.35418289947652337
4003,0.15438802372192764,0.2118139210921349
4173,0.15994222333220132,0.21935511514786213
468,0.23956998815505537,0.32874140151918524
4151,0.2591016453499819,0.3583282368901059
479,0.19259006383804755,0.26351707911210387
